                  epoch,             train/loss,  metrics/accuracy_top1,  metrics/accuracy_top5,               val/loss,                 lr/pg0,                 lr/pg1,                 lr/pg2
                      1,                0.85224,                0.34615,                      1,                0.71875,              1.428e-05,              1.428e-05,              1.428e-05
                      2,                0.86701,                0.42308,                      1,                0.72119,             3.1773e-05,             3.1773e-05,             3.1773e-05
                      3,                0.72881,                0.42308,                      1,                0.71729,             4.4554e-05,             4.4554e-05,             4.4554e-05
                      4,                0.71423,                0.61538,                      1,                0.65723,             5.2622e-05,             5.2622e-05,             5.2622e-05
                      5,                0.60116,                0.88462,                      1,                 0.5835,             5.5978e-05,             5.5978e-05,             5.5978e-05
                      6,                0.53005,                0.92308,                      1,                0.55713,             5.4621e-05,             5.4621e-05,             5.4621e-05
                      7,                0.50831,                      1,                      1,                0.52686,             4.8552e-05,             4.8552e-05,             4.8552e-05
                      8,                0.46811,                      1,                      1,                0.50928,             3.7771e-05,             3.7771e-05,             3.7771e-05
                      9,                0.41425,                      1,                      1,                 0.5166,             2.2277e-05,             2.2277e-05,             2.2277e-05
