                  epoch,             train/loss,  metrics/accuracy_top1,  metrics/accuracy_top5,               val/loss,                 lr/pg0,                 lr/pg1,                 lr/pg2
                      1,                0.85224,                0.34615,                      1,                0.71875,              1.428e-05,              1.428e-05,              1.428e-05
                      2,                0.86882,                0.42308,                      1,                0.72314,             2.8631e-05,             2.8631e-05,             2.8631e-05
                      3,                0.73945,                0.42308,                      1,                0.72217,               3.45e-05,               3.45e-05,               3.45e-05
                      4,                0.74341,                0.53846,                      1,                0.67529,             3.1887e-05,             3.1887e-05,             3.1887e-05
                      5,                0.66816,                0.80769,                      1,                0.62402,             2.0792e-05,             2.0792e-05,             2.0792e-05
